{"cameraMode":{"drawMode":0,"name":"Shaded","section":"Shading Mode"},"sceneLighting":true,"audioPlay":false,"sceneViewState":{"m_AlwaysRefresh":false,"showFog":true,"showSkybox":true,"showFlares":true,"showImageEffects":true,"showParticleSystems":true,"showVisualEffectGraphs":true,"m_FxEnabled":true},"in2DMode":false,"pivot":{"x":3.390498161315918,"y":46.13678741455078,"z":15.356411933898926},"rotation":{"x":0.5453658699989319,"y":-0.012571921572089196,"z":0.00818107184022665,"w":0.8380640149116516},"size":15.891572952270508,"orthographic":false}